dataset,index,code,decoded,encoded_terms,minimal_terms,coefficient_0,coefficient_1,coefficient_2,coefficient_3,coefficient_4,coefficient_5,coefficient_6,coefficient_7
all_INT8,0,238,-128,2,1,0,0,0,0,0,0,-2,0
all_INT8,1,15,-127,2,2,1,0,0,0,0,0,0,-1
all_INT8,2,31,-126,2,2,0,1,0,0,0,0,0,-1
all_INT8,3,47,-124,2,2,0,0,1,0,0,0,0,-1
all_INT8,4,47,-124,2,2,0,0,1,0,0,0,0,-1
all_INT8,5,47,-124,2,2,0,0,1,0,0,0,0,-1
all_INT8,6,63,-120,2,2,0,0,0,1,0,0,0,-1
all_INT8,7,63,-120,2,2,0,0,0,1,0,0,0,-1
all_INT8,8,63,-120,2,2,0,0,0,1,0,0,0,-1
all_INT8,9,63,-120,2,2,0,0,0,1,0,0,0,-1
all_INT8,10,63,-120,2,2,0,0,0,1,0,0,0,-1
all_INT8,11,63,-120,2,2,0,0,0,1,0,0,0,-1
all_INT8,12,79,-112,2,2,0,0,0,0,1,0,0,-1
all_INT8,13,79,-112,2,2,0,0,0,0,1,0,0,-1
all_INT8,14,79,-112,2,2,0,0,0,0,1,0,0,-1
all_INT8,15,79,-112,2,2,0,0,0,0,1,0,0,-1
all_INT8,16,79,-112,2,2,0,0,0,0,1,0,0,-1
all_INT8,17,79,-112,2,2,0,0,0,0,1,0,0,-1
all_INT8,18,79,-112,2,2,0,0,0,0,1,0,0,-1
all_INT8,19,79,-112,2,2,0,0,0,0,1,0,0,-1
all_INT8,20,79,-112,2,2,0,0,0,0,1,0,0,-1
all_INT8,21,79,-112,2,2,0,0,0,0,1,0,0,-1
all_INT8,22,79,-112,2,2,0,0,0,0,1,0,0,-1
all_INT8,23,79,-112,2,2,0,0,0,0,1,0,0,-1
all_INT8,24,95,-96,2,2,0,0,0,0,0,1,0,-1
all_INT8,25,95,-96,2,2,0,0,0,0,0,1,0,-1
all_INT8,26,95,-96,2,2,0,0,0,0,0,1,0,-1
all_INT8,27,95,-96,2,2,0,0,0,0,0,1,0,-1
all_INT8,28,95,-96,2,2,0,0,0,0,0,1,0,-1
all_INT8,29,95,-96,2,2,0,0,0,0,0,1,0,-1
all_INT8,30,95,-96,2,2,0,0,0,0,0,1,0,-1
all_INT8,31,95,-96,2,2,0,0,0,0,0,1,0,-1
all_INT8,32,95,-96,2,2,0,0,0,0,0,1,0,-1
all_INT8,33,95,-96,2,2,0,0,0,0,0,1,0,-1
all_INT8,34,95,-96,2,2,0,0,0,0,0,1,0,-1
all_INT8,35,95,-96,2,2,0,0,0,0,0,1,0,-1
all_INT8,36,95,-96,2,2,0,0,0,0,0,1,0,-1
all_INT8,37,95,-96,2,2,0,0,0,0,0,1,0,-1
all_INT8,38,95,-96,2,2,0,0,0,0,0,1,0,-1
all_INT8,39,95,-96,2,2,0,0,0,0,0,1,0,-1
all_INT8,40,206,-80,2,2,0,0,0,0,-1,0,-1,0
all_INT8,41,206,-80,2,2,0,0,0,0,-1,0,-1,0
all_INT8,42,206,-80,2,2,0,0,0,0,-1,0,-1,0
all_INT8,43,206,-80,2,2,0,0,0,0,-1,0,-1,0
all_INT8,44,206,-80,2,2,0,0,0,0,-1,0,-1,0
all_INT8,45,206,-80,2,2,0,0,0,0,-1,0,-1,0
all_INT8,46,206,-80,2,2,0,0,0,0,-1,0,-1,0
all_INT8,47,206,-80,2,2,0,0,0,0,-1,0,-1,0
all_INT8,48,206,-80,2,2,0,0,0,0,-1,0,-1,0
all_INT8,49,206,-80,2,2,0,0,0,0,-1,0,-1,0
all_INT8,50,206,-80,2,2,0,0,0,0,-1,0,-1,0
all_INT8,51,206,-80,2,2,0,0,0,0,-1,0,-1,0
all_INT8,52,190,-72,2,2,0,0,0,-1,0,0,-1,0
all_INT8,53,190,-72,2,2,0,0,0,-1,0,0,-1,0
all_INT8,54,190,-72,2,2,0,0,0,-1,0,0,-1,0
all_INT8,55,190,-72,2,2,0,0,0,-1,0,0,-1,0
all_INT8,56,190,-72,2,2,0,0,0,-1,0,0,-1,0
all_INT8,57,190,-72,2,2,0,0,0,-1,0,0,-1,0
all_INT8,58,174,-68,2,2,0,0,-1,0,0,0,-1,0
all_INT8,59,174,-68,2,2,0,0,-1,0,0,0,-1,0
all_INT8,60,174,-68,2,2,0,0,-1,0,0,0,-1,0
all_INT8,61,158,-66,2,2,0,-1,0,0,0,0,-1,0
all_INT8,62,158,-66,2,2,0,-1,0,0,0,0,-1,0
all_INT8,63,142,-65,2,2,-1,0,0,0,0,0,-1,0
all_INT8,64,111,-64,2,1,0,0,0,0,0,0,1,-1
all_INT8,65,14,-63,2,2,1,0,0,0,0,0,-1,0
all_INT8,66,30,-62,2,2,0,1,0,0,0,0,-1,0
all_INT8,67,46,-60,2,2,0,0,1,0,0,0,-1,0
all_INT8,68,46,-60,2,2,0,0,1,0,0,0,-1,0
all_INT8,69,46,-60,2,2,0,0,1,0,0,0,-1,0
all_INT8,70,62,-56,2,2,0,0,0,1,0,0,-1,0
all_INT8,71,62,-56,2,2,0,0,0,1,0,0,-1,0
all_INT8,72,62,-56,2,2,0,0,0,1,0,0,-1,0
all_INT8,73,62,-56,2,2,0,0,0,1,0,0,-1,0
all_INT8,74,62,-56,2,2,0,0,0,1,0,0,-1,0
all_INT8,75,62,-56,2,2,0,0,0,1,0,0,-1,0
all_INT8,76,78,-48,2,2,0,0,0,0,1,0,-1,0
all_INT8,77,78,-48,2,2,0,0,0,0,1,0,-1,0
all_INT8,78,78,-48,2,2,0,0,0,0,1,0,-1,0
all_INT8,79,78,-48,2,2,0,0,0,0,1,0,-1,0
all_INT8,80,78,-48,2,2,0,0,0,0,1,0,-1,0
all_INT8,81,78,-48,2,2,0,0,0,0,1,0,-1,0
all_INT8,82,78,-48,2,2,0,0,0,0,1,0,-1,0
all_INT8,83,78,-48,2,2,0,0,0,0,1,0,-1,0
all_INT8,84,189,-40,2,2,0,0,0,-1,0,-1,0,0
all_INT8,85,189,-40,2,2,0,0,0,-1,0,-1,0,0
all_INT8,86,189,-40,2,2,0,0,0,-1,0,-1,0,0
all_INT8,87,189,-40,2,2,0,0,0,-1,0,-1,0,0
all_INT8,88,189,-40,2,2,0,0,0,-1,0,-1,0,0
all_INT8,89,189,-40,2,2,0,0,0,-1,0,-1,0,0
all_INT8,90,173,-36,2,2,0,0,-1,0,0,-1,0,0
all_INT8,91,173,-36,2,2,0,0,-1,0,0,-1,0,0
all_INT8,92,173,-36,2,2,0,0,-1,0,0,-1,0,0
all_INT8,93,157,-34,2,2,0,-1,0,0,0,-1,0,0
all_INT8,94,157,-34,2,2,0,-1,0,0,0,-1,0,0
all_INT8,95,141,-33,2,2,-1,0,0,0,0,-1,0,0
all_INT8,96,94,-32,2,1,0,0,0,0,0,1,-1,0
all_INT8,97,13,-31,2,2,1,0,0,0,0,-1,0,0
all_INT8,98,29,-30,2,2,0,1,0,0,0,-1,0,0
all_INT8,99,45,-28,2,2,0,0,1,0,0,-1,0,0
all_INT8,100,45,-28,2,2,0,0,1,0,0,-1,0,0
all_INT8,101,45,-28,2,2,0,0,1,0,0,-1,0,0
all_INT8,102,61,-24,2,2,0,0,0,1,0,-1,0,0
all_INT8,103,61,-24,2,2,0,0,0,1,0,-1,0,0
all_INT8,104,61,-24,2,2,0,0,0,1,0,-1,0,0
all_INT8,105,61,-24,2,2,0,0,0,1,0,-1,0,0
all_INT8,106,172,-20,2,2,0,0,-1,0,-1,0,0,0
all_INT8,107,172,-20,2,2,0,0,-1,0,-1,0,0,0
all_INT8,108,172,-20,2,2,0,0,-1,0,-1,0,0,0
all_INT8,109,156,-18,2,2,0,-1,0,0,-1,0,0,0
all_INT8,110,156,-18,2,2,0,-1,0,0,-1,0,0,0
all_INT8,111,140,-17,2,2,-1,0,0,0,-1,0,0,0
all_INT8,112,77,-16,2,1,0,0,0,0,1,-1,0,0
all_INT8,113,12,-15,2,2,1,0,0,0,-1,0,0,0
all_INT8,114,28,-14,2,2,0,1,0,0,-1,0,0,0
all_INT8,115,44,-12,2,2,0,0,1,0,-1,0,0,0
all_INT8,116,44,-12,2,2,0,0,1,0,-1,0,0,0
all_INT8,117,155,-10,2,2,0,-1,0,-1,0,0,0,0
all_INT8,118,155,-10,2,2,0,-1,0,-1,0,0,0,0
all_INT8,119,139,-9,2,2,-1,0,0,-1,0,0,0,0
all_INT8,120,60,-8,2,1,0,0,0,1,-1,0,0,0
all_INT8,121,11,-7,2,2,1,0,0,-1,0,0,0,0
all_INT8,122,27,-6,2,2,0,1,0,-1,0,0,0,0
all_INT8,123,138,-5,2,2,-1,0,-1,0,0,0,0,0
all_INT8,124,43,-4,2,1,0,0,1,-1,0,0,0,0
all_INT8,125,10,-3,2,2,1,0,-1,0,0,0,0,0
all_INT8,126,26,-2,2,1,0,1,-1,0,0,0,0,0
all_INT8,127,9,-1,2,1,1,-1,0,0,0,0,0,0
all_INT8,128,0,0,0,0,0,0,0,0,0,0,0,0
all_INT8,129,24,1,2,1,-1,1,0,0,0,0,0,0
all_INT8,130,41,2,2,1,0,-1,1,0,0,0,0,0
all_INT8,131,1,3,2,2,1,1,0,0,0,0,0,0
all_INT8,132,17,4,2,1,0,2,0,0,0,0,0,0
all_INT8,133,2,5,2,2,1,0,1,0,0,0,0,0
all_INT8,134,18,6,2,2,0,1,1,0,0,0,0,0
all_INT8,135,56,7,2,2,-1,0,0,1,0,0,0,0
all_INT8,136,34,8,2,1,0,0,2,0,0,0,0,0
all_INT8,137,3,9,2,2,1,0,0,1,0,0,0,0
all_INT8,138,19,10,2,2,0,1,0,1,0,0,0,0
all_INT8,139,19,10,2,2,0,1,0,1,0,0,0,0
all_INT8,140,35,12,2,2,0,0,1,1,0,0,0,0
all_INT8,141,35,12,2,2,0,0,1,1,0,0,0,0
all_INT8,142,73,14,2,2,0,-1,0,0,1,0,0,0
all_INT8,143,72,15,2,2,-1,0,0,0,1,0,0,0
all_INT8,144,51,16,2,1,0,0,0,2,0,0,0,0
all_INT8,145,4,17,2,2,1,0,0,0,1,0,0,0
all_INT8,146,20,18,2,2,0,1,0,0,1,0,0,0
all_INT8,147,20,18,2,2,0,1,0,0,1,0,0,0
all_INT8,148,36,20,2,2,0,0,1,0,1,0,0,0
all_INT8,149,36,20,2,2,0,0,1,0,1,0,0,0
all_INT8,150,36,20,2,2,0,0,1,0,1,0,0,0
all_INT8,151,52,24,2,2,0,0,0,1,1,0,0,0
all_INT8,152,52,24,2,2,0,0,0,1,1,0,0,0
all_INT8,153,52,24,2,2,0,0,0,1,1,0,0,0
all_INT8,154,52,24,2,2,0,0,0,1,1,0,0,0
all_INT8,155,90,28,2,2,0,0,-1,0,0,1,0,0
all_INT8,156,90,28,2,2,0,0,-1,0,0,1,0,0
all_INT8,157,90,28,2,2,0,0,-1,0,0,1,0,0
all_INT8,158,89,30,2,2,0,-1,0,0,0,1,0,0
all_INT8,159,88,31,2,2,-1,0,0,0,0,1,0,0
all_INT8,160,68,32,2,1,0,0,0,0,2,0,0,0
all_INT8,161,5,33,2,2,1,0,0,0,0,1,0,0
all_INT8,162,21,34,2,2,0,1,0,0,0,1,0,0
all_INT8,163,21,34,2,2,0,1,0,0,0,1,0,0
all_INT8,164,37,36,2,2,0,0,1,0,0,1,0,0
all_INT8,165,37,36,2,2,0,0,1,0,0,1,0,0
all_INT8,166,37,36,2,2,0,0,1,0,0,1,0,0
all_INT8,167,53,40,2,2,0,0,0,1,0,1,0,0
all_INT8,168,53,40,2,2,0,0,0,1,0,1,0,0
all_INT8,169,53,40,2,2,0,0,0,1,0,1,0,0
all_INT8,170,53,40,2,2,0,0,0,1,0,1,0,0
all_INT8,171,53,40,2,2,0,0,0,1,0,1,0,0
all_INT8,172,53,40,2,2,0,0,0,1,0,1,0,0
all_INT8,173,69,48,2,2,0,0,0,0,1,1,0,0
all_INT8,174,69,48,2,2,0,0,0,0,1,1,0,0
all_INT8,175,69,48,2,2,0,0,0,0,1,1,0,0
all_INT8,176,69,48,2,2,0,0,0,0,1,1,0,0
all_INT8,177,69,48,2,2,0,0,0,0,1,1,0,0
all_INT8,178,69,48,2,2,0,0,0,0,1,1,0,0
all_INT8,179,69,48,2,2,0,0,0,0,1,1,0,0
all_INT8,180,69,48,2,2,0,0,0,0,1,1,0,0
all_INT8,181,107,56,2,2,0,0,0,-1,0,0,1,0
all_INT8,182,107,56,2,2,0,0,0,-1,0,0,1,0
all_INT8,183,107,56,2,2,0,0,0,-1,0,0,1,0
all_INT8,184,107,56,2,2,0,0,0,-1,0,0,1,0
all_INT8,185,107,56,2,2,0,0,0,-1,0,0,1,0
all_INT8,186,107,56,2,2,0,0,0,-1,0,0,1,0
all_INT8,187,106,60,2,2,0,0,-1,0,0,0,1,0
all_INT8,188,106,60,2,2,0,0,-1,0,0,0,1,0
all_INT8,189,106,60,2,2,0,0,-1,0,0,0,1,0
all_INT8,190,105,62,2,2,0,-1,0,0,0,0,1,0
all_INT8,191,104,63,2,2,-1,0,0,0,0,0,1,0
all_INT8,192,85,64,2,1,0,0,0,0,0,2,0,0
all_INT8,193,6,65,2,2,1,0,0,0,0,0,1,0
all_INT8,194,22,66,2,2,0,1,0,0,0,0,1,0
all_INT8,195,22,66,2,2,0,1,0,0,0,0,1,0
all_INT8,196,38,68,2,2,0,0,1,0,0,0,1,0
all_INT8,197,38,68,2,2,0,0,1,0,0,0,1,0
all_INT8,198,38,68,2,2,0,0,1,0,0,0,1,0
all_INT8,199,54,72,2,2,0,0,0,1,0,0,1,0
all_INT8,200,54,72,2,2,0,0,0,1,0,0,1,0
all_INT8,201,54,72,2,2,0,0,0,1,0,0,1,0
all_INT8,202,54,72,2,2,0,0,0,1,0,0,1,0
all_INT8,203,54,72,2,2,0,0,0,1,0,0,1,0
all_INT8,204,54,72,2,2,0,0,0,1,0,0,1,0
all_INT8,205,70,80,2,2,0,0,0,0,1,0,1,0
all_INT8,206,70,80,2,2,0,0,0,0,1,0,1,0
all_INT8,207,70,80,2,2,0,0,0,0,1,0,1,0
all_INT8,208,70,80,2,2,0,0,0,0,1,0,1,0
all_INT8,209,70,80,2,2,0,0,0,0,1,0,1,0
all_INT8,210,70,80,2,2,0,0,0,0,1,0,1,0
all_INT8,211,70,80,2,2,0,0,0,0,1,0,1,0
all_INT8,212,70,80,2,2,0,0,0,0,1,0,1,0
all_INT8,213,70,80,2,2,0,0,0,0,1,0,1,0
all_INT8,214,70,80,2,2,0,0,0,0,1,0,1,0
all_INT8,215,70,80,2,2,0,0,0,0,1,0,1,0
all_INT8,216,70,80,2,2,0,0,0,0,1,0,1,0
all_INT8,217,86,96,2,2,0,0,0,0,0,1,1,0
all_INT8,218,86,96,2,2,0,0,0,0,0,1,1,0
all_INT8,219,86,96,2,2,0,0,0,0,0,1,1,0
all_INT8,220,86,96,2,2,0,0,0,0,0,1,1,0
all_INT8,221,86,96,2,2,0,0,0,0,0,1,1,0
all_INT8,222,86,96,2,2,0,0,0,0,0,1,1,0
all_INT8,223,86,96,2,2,0,0,0,0,0,1,1,0
all_INT8,224,86,96,2,2,0,0,0,0,0,1,1,0
all_INT8,225,86,96,2,2,0,0,0,0,0,1,1,0
all_INT8,226,86,96,2,2,0,0,0,0,0,1,1,0
all_INT8,227,86,96,2,2,0,0,0,0,0,1,1,0
all_INT8,228,86,96,2,2,0,0,0,0,0,1,1,0
all_INT8,229,86,96,2,2,0,0,0,0,0,1,1,0
all_INT8,230,86,96,2,2,0,0,0,0,0,1,1,0
all_INT8,231,86,96,2,2,0,0,0,0,0,1,1,0
all_INT8,232,86,96,2,2,0,0,0,0,0,1,1,0
all_INT8,233,124,112,2,2,0,0,0,0,-1,0,0,1
all_INT8,234,124,112,2,2,0,0,0,0,-1,0,0,1
all_INT8,235,124,112,2,2,0,0,0,0,-1,0,0,1
all_INT8,236,124,112,2,2,0,0,0,0,-1,0,0,1
all_INT8,237,124,112,2,2,0,0,0,0,-1,0,0,1
all_INT8,238,124,112,2,2,0,0,0,0,-1,0,0,1
all_INT8,239,124,112,2,2,0,0,0,0,-1,0,0,1
all_INT8,240,124,112,2,2,0,0,0,0,-1,0,0,1
all_INT8,241,124,112,2,2,0,0,0,0,-1,0,0,1
all_INT8,242,124,112,2,2,0,0,0,0,-1,0,0,1
all_INT8,243,124,112,2,2,0,0,0,0,-1,0,0,1
all_INT8,244,124,112,2,2,0,0,0,0,-1,0,0,1
all_INT8,245,123,120,2,2,0,0,0,-1,0,0,0,1
all_INT8,246,123,120,2,2,0,0,0,-1,0,0,0,1
all_INT8,247,123,120,2,2,0,0,0,-1,0,0,0,1
all_INT8,248,123,120,2,2,0,0,0,-1,0,0,0,1
all_INT8,249,123,120,2,2,0,0,0,-1,0,0,0,1
all_INT8,250,123,120,2,2,0,0,0,-1,0,0,0,1
all_INT8,251,122,124,2,2,0,0,-1,0,0,0,0,1
all_INT8,252,122,124,2,2,0,0,-1,0,0,0,0,1
all_INT8,253,122,124,2,2,0,0,-1,0,0,0,0,1
all_INT8,254,121,126,2,2,0,-1,0,0,0,0,0,1
all_INT8,255,120,127,2,2,-1,0,0,0,0,0,0,1
unique_canonical,0,0,0,0,0,0,0,0,0,0,0,0,0
unique_canonical,1,1,3,2,2,1,1,0,0,0,0,0,0
unique_canonical,2,2,5,2,2,1,0,1,0,0,0,0,0
unique_canonical,3,3,9,2,2,1,0,0,1,0,0,0,0
unique_canonical,4,4,17,2,2,1,0,0,0,1,0,0,0
unique_canonical,5,5,33,2,2,1,0,0,0,0,1,0,0
unique_canonical,6,6,65,2,2,1,0,0,0,0,0,1,0
unique_canonical,7,9,-1,2,1,1,-1,0,0,0,0,0,0
unique_canonical,8,10,-3,2,2,1,0,-1,0,0,0,0,0
unique_canonical,9,11,-7,2,2,1,0,0,-1,0,0,0,0
unique_canonical,10,12,-15,2,2,1,0,0,0,-1,0,0,0
unique_canonical,11,13,-31,2,2,1,0,0,0,0,-1,0,0
unique_canonical,12,14,-63,2,2,1,0,0,0,0,0,-1,0
unique_canonical,13,15,-127,2,2,1,0,0,0,0,0,0,-1
unique_canonical,14,17,4,2,1,0,2,0,0,0,0,0,0
unique_canonical,15,18,6,2,2,0,1,1,0,0,0,0,0
unique_canonical,16,19,10,2,2,0,1,0,1,0,0,0,0
unique_canonical,17,20,18,2,2,0,1,0,0,1,0,0,0
unique_canonical,18,21,34,2,2,0,1,0,0,0,1,0,0
unique_canonical,19,22,66,2,2,0,1,0,0,0,0,1,0
unique_canonical,20,24,1,2,1,-1,1,0,0,0,0,0,0
unique_canonical,21,26,-2,2,1,0,1,-1,0,0,0,0,0
unique_canonical,22,27,-6,2,2,0,1,0,-1,0,0,0,0
unique_canonical,23,28,-14,2,2,0,1,0,0,-1,0,0,0
unique_canonical,24,29,-30,2,2,0,1,0,0,0,-1,0,0
unique_canonical,25,30,-62,2,2,0,1,0,0,0,0,-1,0
unique_canonical,26,31,-126,2,2,0,1,0,0,0,0,0,-1
unique_canonical,27,34,8,2,1,0,0,2,0,0,0,0,0
unique_canonical,28,35,12,2,2,0,0,1,1,0,0,0,0
unique_canonical,29,36,20,2,2,0,0,1,0,1,0,0,0
unique_canonical,30,37,36,2,2,0,0,1,0,0,1,0,0
unique_canonical,31,38,68,2,2,0,0,1,0,0,0,1,0
unique_canonical,32,41,2,2,1,0,-1,1,0,0,0,0,0
unique_canonical,33,43,-4,2,1,0,0,1,-1,0,0,0,0
unique_canonical,34,44,-12,2,2,0,0,1,0,-1,0,0,0
unique_canonical,35,45,-28,2,2,0,0,1,0,0,-1,0,0
unique_canonical,36,46,-60,2,2,0,0,1,0,0,0,-1,0
unique_canonical,37,47,-124,2,2,0,0,1,0,0,0,0,-1
unique_canonical,38,51,16,2,1,0,0,0,2,0,0,0,0
unique_canonical,39,52,24,2,2,0,0,0,1,1,0,0,0
unique_canonical,40,53,40,2,2,0,0,0,1,0,1,0,0
unique_canonical,41,54,72,2,2,0,0,0,1,0,0,1,0
unique_canonical,42,56,7,2,2,-1,0,0,1,0,0,0,0
unique_canonical,43,60,-8,2,1,0,0,0,1,-1,0,0,0
unique_canonical,44,61,-24,2,2,0,0,0,1,0,-1,0,0
unique_canonical,45,62,-56,2,2,0,0,0,1,0,0,-1,0
unique_canonical,46,63,-120,2,2,0,0,0,1,0,0,0,-1
unique_canonical,47,68,32,2,1,0,0,0,0,2,0,0,0
unique_canonical,48,69,48,2,2,0,0,0,0,1,1,0,0
unique_canonical,49,70,80,2,2,0,0,0,0,1,0,1,0
unique_canonical,50,72,15,2,2,-1,0,0,0,1,0,0,0
unique_canonical,51,73,14,2,2,0,-1,0,0,1,0,0,0
unique_canonical,52,77,-16,2,1,0,0,0,0,1,-1,0,0
unique_canonical,53,78,-48,2,2,0,0,0,0,1,0,-1,0
unique_canonical,54,79,-112,2,2,0,0,0,0,1,0,0,-1
unique_canonical,55,85,64,2,1,0,0,0,0,0,2,0,0
unique_canonical,56,86,96,2,2,0,0,0,0,0,1,1,0
unique_canonical,57,88,31,2,2,-1,0,0,0,0,1,0,0
unique_canonical,58,89,30,2,2,0,-1,0,0,0,1,0,0
unique_canonical,59,90,28,2,2,0,0,-1,0,0,1,0,0
unique_canonical,60,94,-32,2,1,0,0,0,0,0,1,-1,0
unique_canonical,61,95,-96,2,2,0,0,0,0,0,1,0,-1
unique_canonical,62,104,63,2,2,-1,0,0,0,0,0,1,0
unique_canonical,63,105,62,2,2,0,-1,0,0,0,0,1,0
unique_canonical,64,106,60,2,2,0,0,-1,0,0,0,1,0
unique_canonical,65,107,56,2,2,0,0,0,-1,0,0,1,0
unique_canonical,66,111,-64,2,1,0,0,0,0,0,0,1,-1
unique_canonical,67,120,127,2,2,-1,0,0,0,0,0,0,1
unique_canonical,68,121,126,2,2,0,-1,0,0,0,0,0,1
unique_canonical,69,122,124,2,2,0,0,-1,0,0,0,0,1
unique_canonical,70,123,120,2,2,0,0,0,-1,0,0,0,1
unique_canonical,71,124,112,2,2,0,0,0,0,-1,0,0,1
unique_canonical,72,138,-5,2,2,-1,0,-1,0,0,0,0,0
unique_canonical,73,139,-9,2,2,-1,0,0,-1,0,0,0,0
unique_canonical,74,140,-17,2,2,-1,0,0,0,-1,0,0,0
unique_canonical,75,141,-33,2,2,-1,0,0,0,0,-1,0,0
unique_canonical,76,142,-65,2,2,-1,0,0,0,0,0,-1,0
unique_canonical,77,155,-10,2,2,0,-1,0,-1,0,0,0,0
unique_canonical,78,156,-18,2,2,0,-1,0,0,-1,0,0,0
unique_canonical,79,157,-34,2,2,0,-1,0,0,0,-1,0,0
unique_canonical,80,158,-66,2,2,0,-1,0,0,0,0,-1,0
unique_canonical,81,172,-20,2,2,0,0,-1,0,-1,0,0,0
unique_canonical,82,173,-36,2,2,0,0,-1,0,0,-1,0,0
unique_canonical,83,174,-68,2,2,0,0,-1,0,0,0,-1,0
unique_canonical,84,189,-40,2,2,0,0,0,-1,0,-1,0,0
unique_canonical,85,190,-72,2,2,0,0,0,-1,0,0,-1,0
unique_canonical,86,206,-80,2,2,0,0,0,0,-1,0,-1,0
unique_canonical,87,238,-128,2,1,0,0,0,0,0,0,-2,0
FC1,0,43,-4,2,1,0,0,1,-1,0,0,0,0
FC1,1,1,3,2,2,1,1,0,0,0,0,0,0
FC1,2,138,-5,2,2,-1,0,-1,0,0,0,0,0
FC1,3,41,2,2,1,0,-1,1,0,0,0,0,0
FC1,4,27,-6,2,2,0,1,0,-1,0,0,0,0
FC1,5,24,1,2,1,-1,1,0,0,0,0,0,0
FC1,6,11,-7,2,2,1,0,0,-1,0,0,0,0
FC1,7,0,0,0,0,0,0,0,0,0,0,0,0
FC1,8,56,7,2,2,-1,0,0,1,0,0,0,0
FC1,9,9,-1,2,1,1,-1,0,0,0,0,0,0
FC1,10,18,6,2,2,0,1,1,0,0,0,0,0
FC1,11,26,-2,2,1,0,1,-1,0,0,0,0,0
FC1,12,2,5,2,2,1,0,1,0,0,0,0,0
FC1,13,10,-3,2,2,1,0,-1,0,0,0,0,0
FC1,14,17,4,2,1,0,2,0,0,0,0,0,0
FC1,15,43,-4,2,1,0,0,1,-1,0,0,0,0
FC1,16,26,-2,2,1,0,1,-1,0,0,0,0,0
FC1,17,2,5,2,2,1,0,1,0,0,0,0,0
FC1,18,10,-3,2,2,1,0,-1,0,0,0,0,0
FC1,19,17,4,2,1,0,2,0,0,0,0,0,0
FC1,20,43,-4,2,1,0,0,1,-1,0,0,0,0
FC1,21,1,3,2,2,1,1,0,0,0,0,0,0
FC1,22,138,-5,2,2,-1,0,-1,0,0,0,0,0
FC1,23,41,2,2,1,0,-1,1,0,0,0,0,0
FC1,24,27,-6,2,2,0,1,0,-1,0,0,0,0
FC1,25,24,1,2,1,-1,1,0,0,0,0,0,0
FC1,26,11,-7,2,2,1,0,0,-1,0,0,0,0
FC1,27,0,0,0,0,0,0,0,0,0,0,0,0
FC1,28,56,7,2,2,-1,0,0,1,0,0,0,0
FC1,29,9,-1,2,1,1,-1,0,0,0,0,0,0
FC1,30,18,6,2,2,0,1,1,0,0,0,0,0
FC1,31,26,-2,2,1,0,1,-1,0,0,0,0,0
FC1,32,0,0,0,0,0,0,0,0,0,0,0,0
FC1,33,56,7,2,2,-1,0,0,1,0,0,0,0
FC1,34,9,-1,2,1,1,-1,0,0,0,0,0,0
FC1,35,18,6,2,2,0,1,1,0,0,0,0,0
FC1,36,26,-2,2,1,0,1,-1,0,0,0,0,0
FC1,37,2,5,2,2,1,0,1,0,0,0,0,0
FC1,38,10,-3,2,2,1,0,-1,0,0,0,0,0
FC1,39,17,4,2,1,0,2,0,0,0,0,0,0
FC1,40,43,-4,2,1,0,0,1,-1,0,0,0,0
FC1,41,1,3,2,2,1,1,0,0,0,0,0,0
FC1,42,138,-5,2,2,-1,0,-1,0,0,0,0,0
FC1,43,41,2,2,1,0,-1,1,0,0,0,0,0
FC1,44,27,-6,2,2,0,1,0,-1,0,0,0,0
FC1,45,24,1,2,1,-1,1,0,0,0,0,0,0
FC1,46,11,-7,2,2,1,0,0,-1,0,0,0,0
FC1,47,0,0,0,0,0,0,0,0,0,0,0,0
FC1,48,41,2,2,1,0,-1,1,0,0,0,0,0
FC1,49,27,-6,2,2,0,1,0,-1,0,0,0,0
FC1,50,24,1,2,1,-1,1,0,0,0,0,0,0
FC1,51,11,-7,2,2,1,0,0,-1,0,0,0,0
FC1,52,0,0,0,0,0,0,0,0,0,0,0,0
FC1,53,56,7,2,2,-1,0,0,1,0,0,0,0
FC1,54,9,-1,2,1,1,-1,0,0,0,0,0,0
FC1,55,18,6,2,2,0,1,1,0,0,0,0,0
FC1,56,26,-2,2,1,0,1,-1,0,0,0,0,0
FC1,57,2,5,2,2,1,0,1,0,0,0,0,0
FC1,58,10,-3,2,2,1,0,-1,0,0,0,0,0
FC1,59,17,4,2,1,0,2,0,0,0,0,0,0
FC1,60,43,-4,2,1,0,0,1,-1,0,0,0,0
FC1,61,1,3,2,2,1,1,0,0,0,0,0,0
FC1,62,138,-5,2,2,-1,0,-1,0,0,0,0,0
FC1,63,41,2,2,1,0,-1,1,0,0,0,0,0
FC1,64,17,4,2,1,0,2,0,0,0,0,0,0
FC1,65,43,-4,2,1,0,0,1,-1,0,0,0,0
FC1,66,1,3,2,2,1,1,0,0,0,0,0,0
FC1,67,138,-5,2,2,-1,0,-1,0,0,0,0,0
FC1,68,41,2,2,1,0,-1,1,0,0,0,0,0
FC1,69,27,-6,2,2,0,1,0,-1,0,0,0,0
FC1,70,24,1,2,1,-1,1,0,0,0,0,0,0
FC1,71,11,-7,2,2,1,0,0,-1,0,0,0,0
FC1,72,0,0,0,0,0,0,0,0,0,0,0,0
FC1,73,56,7,2,2,-1,0,0,1,0,0,0,0
FC1,74,9,-1,2,1,1,-1,0,0,0,0,0,0
FC1,75,18,6,2,2,0,1,1,0,0,0,0,0
FC1,76,26,-2,2,1,0,1,-1,0,0,0,0,0
FC1,77,2,5,2,2,1,0,1,0,0,0,0,0
FC1,78,10,-3,2,2,1,0,-1,0,0,0,0,0
FC1,79,17,4,2,1,0,2,0,0,0,0,0,0
FC1,80,18,6,2,2,0,1,1,0,0,0,0,0
FC1,81,26,-2,2,1,0,1,-1,0,0,0,0,0
FC1,82,2,5,2,2,1,0,1,0,0,0,0,0
FC1,83,10,-3,2,2,1,0,-1,0,0,0,0,0
FC1,84,17,4,2,1,0,2,0,0,0,0,0,0
FC1,85,43,-4,2,1,0,0,1,-1,0,0,0,0
FC1,86,1,3,2,2,1,1,0,0,0,0,0,0
FC1,87,138,-5,2,2,-1,0,-1,0,0,0,0,0
FC1,88,41,2,2,1,0,-1,1,0,0,0,0,0
FC1,89,27,-6,2,2,0,1,0,-1,0,0,0,0
FC1,90,24,1,2,1,-1,1,0,0,0,0,0,0
FC1,91,11,-7,2,2,1,0,0,-1,0,0,0,0
FC1,92,0,0,0,0,0,0,0,0,0,0,0,0
FC1,93,56,7,2,2,-1,0,0,1,0,0,0,0
FC1,94,9,-1,2,1,1,-1,0,0,0,0,0,0
FC1,95,18,6,2,2,0,1,1,0,0,0,0,0
FC1,96,11,-7,2,2,1,0,0,-1,0,0,0,0
FC1,97,0,0,0,0,0,0,0,0,0,0,0,0
FC1,98,56,7,2,2,-1,0,0,1,0,0,0,0
FC1,99,9,-1,2,1,1,-1,0,0,0,0,0,0
FC1,100,18,6,2,2,0,1,1,0,0,0,0,0
FC1,101,26,-2,2,1,0,1,-1,0,0,0,0,0
FC1,102,2,5,2,2,1,0,1,0,0,0,0,0
FC1,103,10,-3,2,2,1,0,-1,0,0,0,0,0
FC1,104,17,4,2,1,0,2,0,0,0,0,0,0
FC1,105,43,-4,2,1,0,0,1,-1,0,0,0,0
FC1,106,1,3,2,2,1,1,0,0,0,0,0,0
FC1,107,138,-5,2,2,-1,0,-1,0,0,0,0,0
FC1,108,41,2,2,1,0,-1,1,0,0,0,0,0
FC1,109,27,-6,2,2,0,1,0,-1,0,0,0,0
FC1,110,24,1,2,1,-1,1,0,0,0,0,0,0
FC1,111,11,-7,2,2,1,0,0,-1,0,0,0,0
FC1,112,138,-5,2,2,-1,0,-1,0,0,0,0,0
FC1,113,41,2,2,1,0,-1,1,0,0,0,0,0
FC1,114,27,-6,2,2,0,1,0,-1,0,0,0,0
FC1,115,24,1,2,1,-1,1,0,0,0,0,0,0
FC1,116,11,-7,2,2,1,0,0,-1,0,0,0,0
FC1,117,0,0,0,0,0,0,0,0,0,0,0,0
FC1,118,56,7,2,2,-1,0,0,1,0,0,0,0
FC1,119,9,-1,2,1,1,-1,0,0,0,0,0,0
FC1,120,18,6,2,2,0,1,1,0,0,0,0,0
FC1,121,26,-2,2,1,0,1,-1,0,0,0,0,0
FC1,122,2,5,2,2,1,0,1,0,0,0,0,0
FC1,123,10,-3,2,2,1,0,-1,0,0,0,0,0
FC1,124,17,4,2,1,0,2,0,0,0,0,0,0
FC1,125,43,-4,2,1,0,0,1,-1,0,0,0,0
FC1,126,1,3,2,2,1,1,0,0,0,0,0,0
FC1,127,138,-5,2,2,-1,0,-1,0,0,0,0,0
FC1,128,10,-3,2,2,1,0,-1,0,0,0,0,0
FC1,129,17,4,2,1,0,2,0,0,0,0,0,0
FC1,130,43,-4,2,1,0,0,1,-1,0,0,0,0
FC1,131,1,3,2,2,1,1,0,0,0,0,0,0
FC1,132,138,-5,2,2,-1,0,-1,0,0,0,0,0
FC1,133,41,2,2,1,0,-1,1,0,0,0,0,0
FC1,134,27,-6,2,2,0,1,0,-1,0,0,0,0
FC1,135,24,1,2,1,-1,1,0,0,0,0,0,0
FC1,136,11,-7,2,2,1,0,0,-1,0,0,0,0
FC1,137,0,0,0,0,0,0,0,0,0,0,0,0
FC1,138,56,7,2,2,-1,0,0,1,0,0,0,0
FC1,139,9,-1,2,1,1,-1,0,0,0,0,0,0
FC1,140,18,6,2,2,0,1,1,0,0,0,0,0
FC1,141,26,-2,2,1,0,1,-1,0,0,0,0,0
FC1,142,2,5,2,2,1,0,1,0,0,0,0,0
FC1,143,10,-3,2,2,1,0,-1,0,0,0,0,0
FC1,144,9,-1,2,1,1,-1,0,0,0,0,0,0
FC1,145,18,6,2,2,0,1,1,0,0,0,0,0
FC1,146,26,-2,2,1,0,1,-1,0,0,0,0,0
FC1,147,2,5,2,2,1,0,1,0,0,0,0,0
FC1,148,10,-3,2,2,1,0,-1,0,0,0,0,0
FC1,149,17,4,2,1,0,2,0,0,0,0,0,0
FC1,150,43,-4,2,1,0,0,1,-1,0,0,0,0
FC1,151,1,3,2,2,1,1,0,0,0,0,0,0
FC1,152,138,-5,2,2,-1,0,-1,0,0,0,0,0
FC1,153,41,2,2,1,0,-1,1,0,0,0,0,0
FC1,154,27,-6,2,2,0,1,0,-1,0,0,0,0
FC1,155,24,1,2,1,-1,1,0,0,0,0,0,0
FC1,156,11,-7,2,2,1,0,0,-1,0,0,0,0
FC1,157,0,0,0,0,0,0,0,0,0,0,0,0
FC1,158,56,7,2,2,-1,0,0,1,0,0,0,0
FC1,159,9,-1,2,1,1,-1,0,0,0,0,0,0
FC1,160,24,1,2,1,-1,1,0,0,0,0,0,0
FC1,161,11,-7,2,2,1,0,0,-1,0,0,0,0
FC1,162,0,0,0,0,0,0,0,0,0,0,0,0
FC1,163,56,7,2,2,-1,0,0,1,0,0,0,0
FC1,164,9,-1,2,1,1,-1,0,0,0,0,0,0
FC1,165,18,6,2,2,0,1,1,0,0,0,0,0
FC1,166,26,-2,2,1,0,1,-1,0,0,0,0,0
FC1,167,2,5,2,2,1,0,1,0,0,0,0,0
FC1,168,10,-3,2,2,1,0,-1,0,0,0,0,0
FC1,169,17,4,2,1,0,2,0,0,0,0,0,0
FC1,170,43,-4,2,1,0,0,1,-1,0,0,0,0
FC1,171,1,3,2,2,1,1,0,0,0,0,0,0
FC1,172,138,-5,2,2,-1,0,-1,0,0,0,0,0
FC1,173,41,2,2,1,0,-1,1,0,0,0,0,0
FC1,174,27,-6,2,2,0,1,0,-1,0,0,0,0
FC1,175,24,1,2,1,-1,1,0,0,0,0,0,0
FC1,176,1,3,2,2,1,1,0,0,0,0,0,0
FC1,177,138,-5,2,2,-1,0,-1,0,0,0,0,0
FC1,178,41,2,2,1,0,-1,1,0,0,0,0,0
FC1,179,27,-6,2,2,0,1,0,-1,0,0,0,0
FC1,180,24,1,2,1,-1,1,0,0,0,0,0,0
FC1,181,11,-7,2,2,1,0,0,-1,0,0,0,0
FC1,182,0,0,0,0,0,0,0,0,0,0,0,0
FC1,183,56,7,2,2,-1,0,0,1,0,0,0,0
FC1,184,9,-1,2,1,1,-1,0,0,0,0,0,0
FC1,185,18,6,2,2,0,1,1,0,0,0,0,0
FC1,186,26,-2,2,1,0,1,-1,0,0,0,0,0
FC1,187,2,5,2,2,1,0,1,0,0,0,0,0
FC1,188,10,-3,2,2,1,0,-1,0,0,0,0,0
FC1,189,17,4,2,1,0,2,0,0,0,0,0,0
FC1,190,43,-4,2,1,0,0,1,-1,0,0,0,0
FC1,191,1,3,2,2,1,1,0,0,0,0,0,0
FC1,192,2,5,2,2,1,0,1,0,0,0,0,0
FC1,193,10,-3,2,2,1,0,-1,0,0,0,0,0
FC1,194,17,4,2,1,0,2,0,0,0,0,0,0
FC1,195,43,-4,2,1,0,0,1,-1,0,0,0,0
FC1,196,1,3,2,2,1,1,0,0,0,0,0,0
FC1,197,138,-5,2,2,-1,0,-1,0,0,0,0,0
FC1,198,41,2,2,1,0,-1,1,0,0,0,0,0
FC1,199,27,-6,2,2,0,1,0,-1,0,0,0,0
FC1,200,24,1,2,1,-1,1,0,0,0,0,0,0
FC1,201,11,-7,2,2,1,0,0,-1,0,0,0,0
FC1,202,0,0,0,0,0,0,0,0,0,0,0,0
FC1,203,56,7,2,2,-1,0,0,1,0,0,0,0
FC1,204,9,-1,2,1,1,-1,0,0,0,0,0,0
FC1,205,18,6,2,2,0,1,1,0,0,0,0,0
FC1,206,26,-2,2,1,0,1,-1,0,0,0,0,0
FC1,207,2,5,2,2,1,0,1,0,0,0,0,0
FC1,208,56,7,2,2,-1,0,0,1,0,0,0,0
FC1,209,9,-1,2,1,1,-1,0,0,0,0,0,0
FC1,210,18,6,2,2,0,1,1,0,0,0,0,0
FC1,211,26,-2,2,1,0,1,-1,0,0,0,0,0
FC1,212,2,5,2,2,1,0,1,0,0,0,0,0
FC1,213,10,-3,2,2,1,0,-1,0,0,0,0,0
FC1,214,17,4,2,1,0,2,0,0,0,0,0,0
FC1,215,43,-4,2,1,0,0,1,-1,0,0,0,0
FC1,216,1,3,2,2,1,1,0,0,0,0,0,0
FC1,217,138,-5,2,2,-1,0,-1,0,0,0,0,0
FC1,218,41,2,2,1,0,-1,1,0,0,0,0,0
FC1,219,27,-6,2,2,0,1,0,-1,0,0,0,0
FC1,220,24,1,2,1,-1,1,0,0,0,0,0,0
FC1,221,11,-7,2,2,1,0,0,-1,0,0,0,0
FC1,222,0,0,0,0,0,0,0,0,0,0,0,0
FC1,223,56,7,2,2,-1,0,0,1,0,0,0,0
FC1,224,27,-6,2,2,0,1,0,-1,0,0,0,0
FC1,225,24,1,2,1,-1,1,0,0,0,0,0,0
FC1,226,11,-7,2,2,1,0,0,-1,0,0,0,0
FC1,227,0,0,0,0,0,0,0,0,0,0,0,0
FC1,228,56,7,2,2,-1,0,0,1,0,0,0,0
FC1,229,9,-1,2,1,1,-1,0,0,0,0,0,0
FC1,230,18,6,2,2,0,1,1,0,0,0,0,0
FC1,231,26,-2,2,1,0,1,-1,0,0,0,0,0
FC1,232,2,5,2,2,1,0,1,0,0,0,0,0
FC1,233,10,-3,2,2,1,0,-1,0,0,0,0,0
FC1,234,17,4,2,1,0,2,0,0,0,0,0,0
FC1,235,43,-4,2,1,0,0,1,-1,0,0,0,0
FC1,236,1,3,2,2,1,1,0,0,0,0,0,0
FC1,237,138,-5,2,2,-1,0,-1,0,0,0,0,0
FC1,238,41,2,2,1,0,-1,1,0,0,0,0,0
FC1,239,27,-6,2,2,0,1,0,-1,0,0,0,0
FC1,240,43,-4,2,1,0,0,1,-1,0,0,0,0
FC1,241,1,3,2,2,1,1,0,0,0,0,0,0
FC1,242,138,-5,2,2,-1,0,-1,0,0,0,0,0
FC1,243,41,2,2,1,0,-1,1,0,0,0,0,0
FC1,244,27,-6,2,2,0,1,0,-1,0,0,0,0
FC1,245,24,1,2,1,-1,1,0,0,0,0,0,0
FC1,246,11,-7,2,2,1,0,0,-1,0,0,0,0
FC1,247,0,0,0,0,0,0,0,0,0,0,0,0
FC1,248,56,7,2,2,-1,0,0,1,0,0,0,0
FC1,249,9,-1,2,1,1,-1,0,0,0,0,0,0
FC1,250,18,6,2,2,0,1,1,0,0,0,0,0
FC1,251,26,-2,2,1,0,1,-1,0,0,0,0,0
FC1,252,2,5,2,2,1,0,1,0,0,0,0,0
FC1,253,10,-3,2,2,1,0,-1,0,0,0,0,0
FC1,254,17,4,2,1,0,2,0,0,0,0,0,0
FC1,255,43,-4,2,1,0,0,1,-1,0,0,0,0
FC2,0,138,-5,2,2,-1,0,-1,0,0,0,0,0
FC2,1,0,0,0,0,0,0,0,0,0,0,0,0
FC2,2,2,5,2,2,1,0,1,0,0,0,0,0
FC2,3,10,-3,2,2,1,0,-1,0,0,0,0,0
FC2,4,41,2,2,1,0,-1,1,0,0,0,0,0
FC2,5,27,-6,2,2,0,1,0,-1,0,0,0,0
FC2,6,9,-1,2,1,1,-1,0,0,0,0,0,0
FC2,7,17,4,2,1,0,2,0,0,0,0,0,0
FC2,8,43,-4,2,1,0,0,1,-1,0,0,0,0
FC2,9,24,1,2,1,-1,1,0,0,0,0,0,0
FC2,10,18,6,2,2,0,1,1,0,0,0,0,0
FC2,11,26,-2,2,1,0,1,-1,0,0,0,0,0
FC2,12,1,3,2,2,1,1,0,0,0,0,0,0
FC2,13,138,-5,2,2,-1,0,-1,0,0,0,0,0
FC2,14,0,0,0,0,0,0,0,0,0,0,0,0
FC2,15,2,5,2,2,1,0,1,0,0,0,0,0
FC2,16,18,6,2,2,0,1,1,0,0,0,0,0
FC2,17,26,-2,2,1,0,1,-1,0,0,0,0,0
FC2,18,1,3,2,2,1,1,0,0,0,0,0,0
FC2,19,138,-5,2,2,-1,0,-1,0,0,0,0,0
FC2,20,0,0,0,0,0,0,0,0,0,0,0,0
FC2,21,2,5,2,2,1,0,1,0,0,0,0,0
FC2,22,10,-3,2,2,1,0,-1,0,0,0,0,0
FC2,23,41,2,2,1,0,-1,1,0,0,0,0,0
FC2,24,27,-6,2,2,0,1,0,-1,0,0,0,0
FC2,25,9,-1,2,1,1,-1,0,0,0,0,0,0
FC2,26,17,4,2,1,0,2,0,0,0,0,0,0
FC2,27,43,-4,2,1,0,0,1,-1,0,0,0,0
FC2,28,24,1,2,1,-1,1,0,0,0,0,0,0
FC2,29,18,6,2,2,0,1,1,0,0,0,0,0
FC2,30,26,-2,2,1,0,1,-1,0,0,0,0,0
FC2,31,1,3,2,2,1,1,0,0,0,0,0,0
FC2,32,17,4,2,1,0,2,0,0,0,0,0,0
FC2,33,43,-4,2,1,0,0,1,-1,0,0,0,0
FC2,34,24,1,2,1,-1,1,0,0,0,0,0,0
FC2,35,18,6,2,2,0,1,1,0,0,0,0,0
FC2,36,26,-2,2,1,0,1,-1,0,0,0,0,0
FC2,37,1,3,2,2,1,1,0,0,0,0,0,0
FC2,38,138,-5,2,2,-1,0,-1,0,0,0,0,0
FC2,39,0,0,0,0,0,0,0,0,0,0,0,0
FC2,40,2,5,2,2,1,0,1,0,0,0,0,0
FC2,41,10,-3,2,2,1,0,-1,0,0,0,0,0
FC2,42,41,2,2,1,0,-1,1,0,0,0,0,0
FC2,43,27,-6,2,2,0,1,0,-1,0,0,0,0
FC2,44,9,-1,2,1,1,-1,0,0,0,0,0,0
FC2,45,17,4,2,1,0,2,0,0,0,0,0,0
FC2,46,43,-4,2,1,0,0,1,-1,0,0,0,0
FC2,47,24,1,2,1,-1,1,0,0,0,0,0,0
FC2,48,41,2,2,1,0,-1,1,0,0,0,0,0
FC2,49,27,-6,2,2,0,1,0,-1,0,0,0,0
FC2,50,9,-1,2,1,1,-1,0,0,0,0,0,0
FC2,51,17,4,2,1,0,2,0,0,0,0,0,0
FC2,52,43,-4,2,1,0,0,1,-1,0,0,0,0
FC2,53,24,1,2,1,-1,1,0,0,0,0,0,0
FC2,54,18,6,2,2,0,1,1,0,0,0,0,0
FC2,55,26,-2,2,1,0,1,-1,0,0,0,0,0
FC2,56,1,3,2,2,1,1,0,0,0,0,0,0
FC2,57,138,-5,2,2,-1,0,-1,0,0,0,0,0
FC2,58,0,0,0,0,0,0,0,0,0,0,0,0
FC2,59,2,5,2,2,1,0,1,0,0,0,0,0
FC2,60,10,-3,2,2,1,0,-1,0,0,0,0,0
FC2,61,41,2,2,1,0,-1,1,0,0,0,0,0
FC2,62,27,-6,2,2,0,1,0,-1,0,0,0,0
FC2,63,9,-1,2,1,1,-1,0,0,0,0,0,0
model_all,0,43,-4,2,1,0,0,1,-1,0,0,0,0
model_all,1,1,3,2,2,1,1,0,0,0,0,0,0
model_all,2,138,-5,2,2,-1,0,-1,0,0,0,0,0
model_all,3,41,2,2,1,0,-1,1,0,0,0,0,0
model_all,4,27,-6,2,2,0,1,0,-1,0,0,0,0
model_all,5,24,1,2,1,-1,1,0,0,0,0,0,0
model_all,6,11,-7,2,2,1,0,0,-1,0,0,0,0
model_all,7,0,0,0,0,0,0,0,0,0,0,0,0
model_all,8,56,7,2,2,-1,0,0,1,0,0,0,0
model_all,9,9,-1,2,1,1,-1,0,0,0,0,0,0
model_all,10,18,6,2,2,0,1,1,0,0,0,0,0
model_all,11,26,-2,2,1,0,1,-1,0,0,0,0,0
model_all,12,2,5,2,2,1,0,1,0,0,0,0,0
model_all,13,10,-3,2,2,1,0,-1,0,0,0,0,0
model_all,14,17,4,2,1,0,2,0,0,0,0,0,0
model_all,15,43,-4,2,1,0,0,1,-1,0,0,0,0
model_all,16,26,-2,2,1,0,1,-1,0,0,0,0,0
model_all,17,2,5,2,2,1,0,1,0,0,0,0,0
model_all,18,10,-3,2,2,1,0,-1,0,0,0,0,0
model_all,19,17,4,2,1,0,2,0,0,0,0,0,0
model_all,20,43,-4,2,1,0,0,1,-1,0,0,0,0
model_all,21,1,3,2,2,1,1,0,0,0,0,0,0
model_all,22,138,-5,2,2,-1,0,-1,0,0,0,0,0
model_all,23,41,2,2,1,0,-1,1,0,0,0,0,0
model_all,24,27,-6,2,2,0,1,0,-1,0,0,0,0
model_all,25,24,1,2,1,-1,1,0,0,0,0,0,0
model_all,26,11,-7,2,2,1,0,0,-1,0,0,0,0
model_all,27,0,0,0,0,0,0,0,0,0,0,0,0
model_all,28,56,7,2,2,-1,0,0,1,0,0,0,0
model_all,29,9,-1,2,1,1,-1,0,0,0,0,0,0
model_all,30,18,6,2,2,0,1,1,0,0,0,0,0
model_all,31,26,-2,2,1,0,1,-1,0,0,0,0,0
model_all,32,0,0,0,0,0,0,0,0,0,0,0,0
model_all,33,56,7,2,2,-1,0,0,1,0,0,0,0
model_all,34,9,-1,2,1,1,-1,0,0,0,0,0,0
model_all,35,18,6,2,2,0,1,1,0,0,0,0,0
model_all,36,26,-2,2,1,0,1,-1,0,0,0,0,0
model_all,37,2,5,2,2,1,0,1,0,0,0,0,0
model_all,38,10,-3,2,2,1,0,-1,0,0,0,0,0
model_all,39,17,4,2,1,0,2,0,0,0,0,0,0
model_all,40,43,-4,2,1,0,0,1,-1,0,0,0,0
model_all,41,1,3,2,2,1,1,0,0,0,0,0,0
model_all,42,138,-5,2,2,-1,0,-1,0,0,0,0,0
model_all,43,41,2,2,1,0,-1,1,0,0,0,0,0
model_all,44,27,-6,2,2,0,1,0,-1,0,0,0,0
model_all,45,24,1,2,1,-1,1,0,0,0,0,0,0
model_all,46,11,-7,2,2,1,0,0,-1,0,0,0,0
model_all,47,0,0,0,0,0,0,0,0,0,0,0,0
model_all,48,41,2,2,1,0,-1,1,0,0,0,0,0
model_all,49,27,-6,2,2,0,1,0,-1,0,0,0,0
model_all,50,24,1,2,1,-1,1,0,0,0,0,0,0
model_all,51,11,-7,2,2,1,0,0,-1,0,0,0,0
model_all,52,0,0,0,0,0,0,0,0,0,0,0,0
model_all,53,56,7,2,2,-1,0,0,1,0,0,0,0
model_all,54,9,-1,2,1,1,-1,0,0,0,0,0,0
model_all,55,18,6,2,2,0,1,1,0,0,0,0,0
model_all,56,26,-2,2,1,0,1,-1,0,0,0,0,0
model_all,57,2,5,2,2,1,0,1,0,0,0,0,0
model_all,58,10,-3,2,2,1,0,-1,0,0,0,0,0
model_all,59,17,4,2,1,0,2,0,0,0,0,0,0
model_all,60,43,-4,2,1,0,0,1,-1,0,0,0,0
model_all,61,1,3,2,2,1,1,0,0,0,0,0,0
model_all,62,138,-5,2,2,-1,0,-1,0,0,0,0,0
model_all,63,41,2,2,1,0,-1,1,0,0,0,0,0
model_all,64,17,4,2,1,0,2,0,0,0,0,0,0
model_all,65,43,-4,2,1,0,0,1,-1,0,0,0,0
model_all,66,1,3,2,2,1,1,0,0,0,0,0,0
model_all,67,138,-5,2,2,-1,0,-1,0,0,0,0,0
model_all,68,41,2,2,1,0,-1,1,0,0,0,0,0
model_all,69,27,-6,2,2,0,1,0,-1,0,0,0,0
model_all,70,24,1,2,1,-1,1,0,0,0,0,0,0
model_all,71,11,-7,2,2,1,0,0,-1,0,0,0,0
model_all,72,0,0,0,0,0,0,0,0,0,0,0,0
model_all,73,56,7,2,2,-1,0,0,1,0,0,0,0
model_all,74,9,-1,2,1,1,-1,0,0,0,0,0,0
model_all,75,18,6,2,2,0,1,1,0,0,0,0,0
model_all,76,26,-2,2,1,0,1,-1,0,0,0,0,0
model_all,77,2,5,2,2,1,0,1,0,0,0,0,0
model_all,78,10,-3,2,2,1,0,-1,0,0,0,0,0
model_all,79,17,4,2,1,0,2,0,0,0,0,0,0
model_all,80,18,6,2,2,0,1,1,0,0,0,0,0
model_all,81,26,-2,2,1,0,1,-1,0,0,0,0,0
model_all,82,2,5,2,2,1,0,1,0,0,0,0,0
model_all,83,10,-3,2,2,1,0,-1,0,0,0,0,0
model_all,84,17,4,2,1,0,2,0,0,0,0,0,0
model_all,85,43,-4,2,1,0,0,1,-1,0,0,0,0
model_all,86,1,3,2,2,1,1,0,0,0,0,0,0
model_all,87,138,-5,2,2,-1,0,-1,0,0,0,0,0
model_all,88,41,2,2,1,0,-1,1,0,0,0,0,0
model_all,89,27,-6,2,2,0,1,0,-1,0,0,0,0
model_all,90,24,1,2,1,-1,1,0,0,0,0,0,0
model_all,91,11,-7,2,2,1,0,0,-1,0,0,0,0
model_all,92,0,0,0,0,0,0,0,0,0,0,0,0
model_all,93,56,7,2,2,-1,0,0,1,0,0,0,0
model_all,94,9,-1,2,1,1,-1,0,0,0,0,0,0
model_all,95,18,6,2,2,0,1,1,0,0,0,0,0
model_all,96,11,-7,2,2,1,0,0,-1,0,0,0,0
model_all,97,0,0,0,0,0,0,0,0,0,0,0,0
model_all,98,56,7,2,2,-1,0,0,1,0,0,0,0
model_all,99,9,-1,2,1,1,-1,0,0,0,0,0,0
model_all,100,18,6,2,2,0,1,1,0,0,0,0,0
model_all,101,26,-2,2,1,0,1,-1,0,0,0,0,0
model_all,102,2,5,2,2,1,0,1,0,0,0,0,0
model_all,103,10,-3,2,2,1,0,-1,0,0,0,0,0
model_all,104,17,4,2,1,0,2,0,0,0,0,0,0
model_all,105,43,-4,2,1,0,0,1,-1,0,0,0,0
model_all,106,1,3,2,2,1,1,0,0,0,0,0,0
model_all,107,138,-5,2,2,-1,0,-1,0,0,0,0,0
model_all,108,41,2,2,1,0,-1,1,0,0,0,0,0
model_all,109,27,-6,2,2,0,1,0,-1,0,0,0,0
model_all,110,24,1,2,1,-1,1,0,0,0,0,0,0
model_all,111,11,-7,2,2,1,0,0,-1,0,0,0,0
model_all,112,138,-5,2,2,-1,0,-1,0,0,0,0,0
model_all,113,41,2,2,1,0,-1,1,0,0,0,0,0
model_all,114,27,-6,2,2,0,1,0,-1,0,0,0,0
model_all,115,24,1,2,1,-1,1,0,0,0,0,0,0
model_all,116,11,-7,2,2,1,0,0,-1,0,0,0,0
model_all,117,0,0,0,0,0,0,0,0,0,0,0,0
model_all,118,56,7,2,2,-1,0,0,1,0,0,0,0
model_all,119,9,-1,2,1,1,-1,0,0,0,0,0,0
model_all,120,18,6,2,2,0,1,1,0,0,0,0,0
model_all,121,26,-2,2,1,0,1,-1,0,0,0,0,0
model_all,122,2,5,2,2,1,0,1,0,0,0,0,0
model_all,123,10,-3,2,2,1,0,-1,0,0,0,0,0
model_all,124,17,4,2,1,0,2,0,0,0,0,0,0
model_all,125,43,-4,2,1,0,0,1,-1,0,0,0,0
model_all,126,1,3,2,2,1,1,0,0,0,0,0,0
model_all,127,138,-5,2,2,-1,0,-1,0,0,0,0,0
model_all,128,10,-3,2,2,1,0,-1,0,0,0,0,0
model_all,129,17,4,2,1,0,2,0,0,0,0,0,0
model_all,130,43,-4,2,1,0,0,1,-1,0,0,0,0
model_all,131,1,3,2,2,1,1,0,0,0,0,0,0
model_all,132,138,-5,2,2,-1,0,-1,0,0,0,0,0
model_all,133,41,2,2,1,0,-1,1,0,0,0,0,0
model_all,134,27,-6,2,2,0,1,0,-1,0,0,0,0
model_all,135,24,1,2,1,-1,1,0,0,0,0,0,0
model_all,136,11,-7,2,2,1,0,0,-1,0,0,0,0
model_all,137,0,0,0,0,0,0,0,0,0,0,0,0
model_all,138,56,7,2,2,-1,0,0,1,0,0,0,0
model_all,139,9,-1,2,1,1,-1,0,0,0,0,0,0
model_all,140,18,6,2,2,0,1,1,0,0,0,0,0
model_all,141,26,-2,2,1,0,1,-1,0,0,0,0,0
model_all,142,2,5,2,2,1,0,1,0,0,0,0,0
model_all,143,10,-3,2,2,1,0,-1,0,0,0,0,0
model_all,144,9,-1,2,1,1,-1,0,0,0,0,0,0
model_all,145,18,6,2,2,0,1,1,0,0,0,0,0
model_all,146,26,-2,2,1,0,1,-1,0,0,0,0,0
model_all,147,2,5,2,2,1,0,1,0,0,0,0,0
model_all,148,10,-3,2,2,1,0,-1,0,0,0,0,0
model_all,149,17,4,2,1,0,2,0,0,0,0,0,0
model_all,150,43,-4,2,1,0,0,1,-1,0,0,0,0
model_all,151,1,3,2,2,1,1,0,0,0,0,0,0
model_all,152,138,-5,2,2,-1,0,-1,0,0,0,0,0
model_all,153,41,2,2,1,0,-1,1,0,0,0,0,0
model_all,154,27,-6,2,2,0,1,0,-1,0,0,0,0
model_all,155,24,1,2,1,-1,1,0,0,0,0,0,0
model_all,156,11,-7,2,2,1,0,0,-1,0,0,0,0
model_all,157,0,0,0,0,0,0,0,0,0,0,0,0
model_all,158,56,7,2,2,-1,0,0,1,0,0,0,0
model_all,159,9,-1,2,1,1,-1,0,0,0,0,0,0
model_all,160,24,1,2,1,-1,1,0,0,0,0,0,0
model_all,161,11,-7,2,2,1,0,0,-1,0,0,0,0
model_all,162,0,0,0,0,0,0,0,0,0,0,0,0
model_all,163,56,7,2,2,-1,0,0,1,0,0,0,0
model_all,164,9,-1,2,1,1,-1,0,0,0,0,0,0
model_all,165,18,6,2,2,0,1,1,0,0,0,0,0
model_all,166,26,-2,2,1,0,1,-1,0,0,0,0,0
model_all,167,2,5,2,2,1,0,1,0,0,0,0,0
model_all,168,10,-3,2,2,1,0,-1,0,0,0,0,0
model_all,169,17,4,2,1,0,2,0,0,0,0,0,0
model_all,170,43,-4,2,1,0,0,1,-1,0,0,0,0
model_all,171,1,3,2,2,1,1,0,0,0,0,0,0
model_all,172,138,-5,2,2,-1,0,-1,0,0,0,0,0
model_all,173,41,2,2,1,0,-1,1,0,0,0,0,0
model_all,174,27,-6,2,2,0,1,0,-1,0,0,0,0
model_all,175,24,1,2,1,-1,1,0,0,0,0,0,0
model_all,176,1,3,2,2,1,1,0,0,0,0,0,0
model_all,177,138,-5,2,2,-1,0,-1,0,0,0,0,0
model_all,178,41,2,2,1,0,-1,1,0,0,0,0,0
model_all,179,27,-6,2,2,0,1,0,-1,0,0,0,0
model_all,180,24,1,2,1,-1,1,0,0,0,0,0,0
model_all,181,11,-7,2,2,1,0,0,-1,0,0,0,0
model_all,182,0,0,0,0,0,0,0,0,0,0,0,0
model_all,183,56,7,2,2,-1,0,0,1,0,0,0,0
model_all,184,9,-1,2,1,1,-1,0,0,0,0,0,0
model_all,185,18,6,2,2,0,1,1,0,0,0,0,0
model_all,186,26,-2,2,1,0,1,-1,0,0,0,0,0
model_all,187,2,5,2,2,1,0,1,0,0,0,0,0
model_all,188,10,-3,2,2,1,0,-1,0,0,0,0,0
model_all,189,17,4,2,1,0,2,0,0,0,0,0,0
model_all,190,43,-4,2,1,0,0,1,-1,0,0,0,0
model_all,191,1,3,2,2,1,1,0,0,0,0,0,0
model_all,192,2,5,2,2,1,0,1,0,0,0,0,0
model_all,193,10,-3,2,2,1,0,-1,0,0,0,0,0
model_all,194,17,4,2,1,0,2,0,0,0,0,0,0
model_all,195,43,-4,2,1,0,0,1,-1,0,0,0,0
model_all,196,1,3,2,2,1,1,0,0,0,0,0,0
model_all,197,138,-5,2,2,-1,0,-1,0,0,0,0,0
model_all,198,41,2,2,1,0,-1,1,0,0,0,0,0
model_all,199,27,-6,2,2,0,1,0,-1,0,0,0,0
model_all,200,24,1,2,1,-1,1,0,0,0,0,0,0
model_all,201,11,-7,2,2,1,0,0,-1,0,0,0,0
model_all,202,0,0,0,0,0,0,0,0,0,0,0,0
model_all,203,56,7,2,2,-1,0,0,1,0,0,0,0
model_all,204,9,-1,2,1,1,-1,0,0,0,0,0,0
model_all,205,18,6,2,2,0,1,1,0,0,0,0,0
model_all,206,26,-2,2,1,0,1,-1,0,0,0,0,0
model_all,207,2,5,2,2,1,0,1,0,0,0,0,0
model_all,208,56,7,2,2,-1,0,0,1,0,0,0,0
model_all,209,9,-1,2,1,1,-1,0,0,0,0,0,0
model_all,210,18,6,2,2,0,1,1,0,0,0,0,0
model_all,211,26,-2,2,1,0,1,-1,0,0,0,0,0
model_all,212,2,5,2,2,1,0,1,0,0,0,0,0
model_all,213,10,-3,2,2,1,0,-1,0,0,0,0,0
model_all,214,17,4,2,1,0,2,0,0,0,0,0,0
model_all,215,43,-4,2,1,0,0,1,-1,0,0,0,0
model_all,216,1,3,2,2,1,1,0,0,0,0,0,0
model_all,217,138,-5,2,2,-1,0,-1,0,0,0,0,0
model_all,218,41,2,2,1,0,-1,1,0,0,0,0,0
model_all,219,27,-6,2,2,0,1,0,-1,0,0,0,0
model_all,220,24,1,2,1,-1,1,0,0,0,0,0,0
model_all,221,11,-7,2,2,1,0,0,-1,0,0,0,0
model_all,222,0,0,0,0,0,0,0,0,0,0,0,0
model_all,223,56,7,2,2,-1,0,0,1,0,0,0,0
model_all,224,27,-6,2,2,0,1,0,-1,0,0,0,0
model_all,225,24,1,2,1,-1,1,0,0,0,0,0,0
model_all,226,11,-7,2,2,1,0,0,-1,0,0,0,0
model_all,227,0,0,0,0,0,0,0,0,0,0,0,0
model_all,228,56,7,2,2,-1,0,0,1,0,0,0,0
model_all,229,9,-1,2,1,1,-1,0,0,0,0,0,0
model_all,230,18,6,2,2,0,1,1,0,0,0,0,0
model_all,231,26,-2,2,1,0,1,-1,0,0,0,0,0
model_all,232,2,5,2,2,1,0,1,0,0,0,0,0
model_all,233,10,-3,2,2,1,0,-1,0,0,0,0,0
model_all,234,17,4,2,1,0,2,0,0,0,0,0,0
model_all,235,43,-4,2,1,0,0,1,-1,0,0,0,0
model_all,236,1,3,2,2,1,1,0,0,0,0,0,0
model_all,237,138,-5,2,2,-1,0,-1,0,0,0,0,0
model_all,238,41,2,2,1,0,-1,1,0,0,0,0,0
model_all,239,27,-6,2,2,0,1,0,-1,0,0,0,0
model_all,240,43,-4,2,1,0,0,1,-1,0,0,0,0
model_all,241,1,3,2,2,1,1,0,0,0,0,0,0
model_all,242,138,-5,2,2,-1,0,-1,0,0,0,0,0
model_all,243,41,2,2,1,0,-1,1,0,0,0,0,0
model_all,244,27,-6,2,2,0,1,0,-1,0,0,0,0
model_all,245,24,1,2,1,-1,1,0,0,0,0,0,0
model_all,246,11,-7,2,2,1,0,0,-1,0,0,0,0
model_all,247,0,0,0,0,0,0,0,0,0,0,0,0
model_all,248,56,7,2,2,-1,0,0,1,0,0,0,0
model_all,249,9,-1,2,1,1,-1,0,0,0,0,0,0
model_all,250,18,6,2,2,0,1,1,0,0,0,0,0
model_all,251,26,-2,2,1,0,1,-1,0,0,0,0,0
model_all,252,2,5,2,2,1,0,1,0,0,0,0,0
model_all,253,10,-3,2,2,1,0,-1,0,0,0,0,0
model_all,254,17,4,2,1,0,2,0,0,0,0,0,0
model_all,255,43,-4,2,1,0,0,1,-1,0,0,0,0
model_all,256,138,-5,2,2,-1,0,-1,0,0,0,0,0
model_all,257,0,0,0,0,0,0,0,0,0,0,0,0
model_all,258,2,5,2,2,1,0,1,0,0,0,0,0
model_all,259,10,-3,2,2,1,0,-1,0,0,0,0,0
model_all,260,41,2,2,1,0,-1,1,0,0,0,0,0
model_all,261,27,-6,2,2,0,1,0,-1,0,0,0,0
model_all,262,9,-1,2,1,1,-1,0,0,0,0,0,0
model_all,263,17,4,2,1,0,2,0,0,0,0,0,0
model_all,264,43,-4,2,1,0,0,1,-1,0,0,0,0
model_all,265,24,1,2,1,-1,1,0,0,0,0,0,0
model_all,266,18,6,2,2,0,1,1,0,0,0,0,0
model_all,267,26,-2,2,1,0,1,-1,0,0,0,0,0
model_all,268,1,3,2,2,1,1,0,0,0,0,0,0
model_all,269,138,-5,2,2,-1,0,-1,0,0,0,0,0
model_all,270,0,0,0,0,0,0,0,0,0,0,0,0
model_all,271,2,5,2,2,1,0,1,0,0,0,0,0
model_all,272,18,6,2,2,0,1,1,0,0,0,0,0
model_all,273,26,-2,2,1,0,1,-1,0,0,0,0,0
model_all,274,1,3,2,2,1,1,0,0,0,0,0,0
model_all,275,138,-5,2,2,-1,0,-1,0,0,0,0,0
model_all,276,0,0,0,0,0,0,0,0,0,0,0,0
model_all,277,2,5,2,2,1,0,1,0,0,0,0,0
model_all,278,10,-3,2,2,1,0,-1,0,0,0,0,0
model_all,279,41,2,2,1,0,-1,1,0,0,0,0,0
model_all,280,27,-6,2,2,0,1,0,-1,0,0,0,0
model_all,281,9,-1,2,1,1,-1,0,0,0,0,0,0
model_all,282,17,4,2,1,0,2,0,0,0,0,0,0
model_all,283,43,-4,2,1,0,0,1,-1,0,0,0,0
model_all,284,24,1,2,1,-1,1,0,0,0,0,0,0
model_all,285,18,6,2,2,0,1,1,0,0,0,0,0
model_all,286,26,-2,2,1,0,1,-1,0,0,0,0,0
model_all,287,1,3,2,2,1,1,0,0,0,0,0,0
model_all,288,17,4,2,1,0,2,0,0,0,0,0,0
model_all,289,43,-4,2,1,0,0,1,-1,0,0,0,0
model_all,290,24,1,2,1,-1,1,0,0,0,0,0,0
model_all,291,18,6,2,2,0,1,1,0,0,0,0,0
model_all,292,26,-2,2,1,0,1,-1,0,0,0,0,0
model_all,293,1,3,2,2,1,1,0,0,0,0,0,0
model_all,294,138,-5,2,2,-1,0,-1,0,0,0,0,0
model_all,295,0,0,0,0,0,0,0,0,0,0,0,0
model_all,296,2,5,2,2,1,0,1,0,0,0,0,0
model_all,297,10,-3,2,2,1,0,-1,0,0,0,0,0
model_all,298,41,2,2,1,0,-1,1,0,0,0,0,0
model_all,299,27,-6,2,2,0,1,0,-1,0,0,0,0
model_all,300,9,-1,2,1,1,-1,0,0,0,0,0,0
model_all,301,17,4,2,1,0,2,0,0,0,0,0,0
model_all,302,43,-4,2,1,0,0,1,-1,0,0,0,0
model_all,303,24,1,2,1,-1,1,0,0,0,0,0,0
model_all,304,41,2,2,1,0,-1,1,0,0,0,0,0
model_all,305,27,-6,2,2,0,1,0,-1,0,0,0,0
model_all,306,9,-1,2,1,1,-1,0,0,0,0,0,0
model_all,307,17,4,2,1,0,2,0,0,0,0,0,0
model_all,308,43,-4,2,1,0,0,1,-1,0,0,0,0
model_all,309,24,1,2,1,-1,1,0,0,0,0,0,0
model_all,310,18,6,2,2,0,1,1,0,0,0,0,0
model_all,311,26,-2,2,1,0,1,-1,0,0,0,0,0
model_all,312,1,3,2,2,1,1,0,0,0,0,0,0
model_all,313,138,-5,2,2,-1,0,-1,0,0,0,0,0
model_all,314,0,0,0,0,0,0,0,0,0,0,0,0
model_all,315,2,5,2,2,1,0,1,0,0,0,0,0
model_all,316,10,-3,2,2,1,0,-1,0,0,0,0,0
model_all,317,41,2,2,1,0,-1,1,0,0,0,0,0
model_all,318,27,-6,2,2,0,1,0,-1,0,0,0,0
model_all,319,9,-1,2,1,1,-1,0,0,0,0,0,0
